name,year,typed_total,top_virus,top_cases,second_cases,top_share,dominance_gap
东至县,2010,12,EV71,6,4,0.5,2
东至县,2011,15,EV71,12,3,0.8,9
东至县,2012,8,Mixed,3,3,0.375,0
东至县,2013,15,Others,13,1,0.8666666666666667,12
东至县,2014,47,EV71,25,11,0.5319148936170213,14
东至县,2015,20,Others,16,3,0.8,13
东至县,2016,2,Mixed,1,1,0.5,0
东至县,2017,9,Others,4,3,0.4444444444444444,1
东至县,2018,27,CV-A16,20,4,0.7407407407407407,16
东至县,2019,10,Others,8,2,0.8,6
东至县,2020,57,Others,57,0,1,57
东至县,2021,40,CV-A16,23,9,0.575,14
东至县,2022,41,CV-A16,30,11,0.7317073170731707,19
东至县,2023,65,Others,63,2,0.9692307692307692,61
临泉县,2008,1,EV71,1,0,1,1
临泉县,2009,1,EV71,1,0,1,1
临泉县,2010,14,EV71,10,3,0.7142857142857143,7
临泉县,2011,34,EV71,30,4,0.8823529411764706,26
临泉县,2012,21,Mixed,9,9,0.42857142857142855,0
临泉县,2013,27,EV71,22,5,0.8148148148148148,17
临泉县,2014,36,EV71,22,10,0.6111111111111112,12
临泉县,2015,10,Mixed,5,5,0.5,0
临泉县,2016,59,EV71,28,25,0.4745762711864407,3
临泉县,2017,7,Others,5,2,0.7142857142857143,3
临泉县,2018,25,Others,12,7,0.48,5
临泉县,2019,21,Others,15,4,0.7142857142857143,11
临泉县,2020,32,Others,17,12,0.53125,5
临泉县,2021,31,Others,25,6,0.8064516129032258,19
临泉县,2022,9,Others,6,2,0.6666666666666666,4
临泉县,2023,4,EV71,3,1,0.75,2
义安区,2009,1,Others,1,0,1,1
义安区,2010,70,EV71,41,15,0.5857142857142857,26
义安区,2011,55,EV71,31,22,0.5636363636363636,9
义安区,2012,26,Others,17,5,0.6538461538461539,12
义安区,2013,66,Others,36,26,0.5454545454545454,10
义安区,2014,73,EV71,37,19,0.5068493150684932,18
义安区,2015,61,Others,34,17,0.5573770491803278,17
义安区,2016,1,Others,1,0,1,1
义安区,2017,11,EV71,7,4,0.6363636363636364,3
义安区,2018,23,Others,22,1,0.9565217391304348,21
义安区,2019,36,Others,24,12,0.6666666666666666,12
义安区,2020,20,Others,20,0,1,20
义安区,2021,18,Others,16,1,0.8888888888888888,15
义安区,2023,17,Others,15,1,0.8823529411764706,14
五河县,2010,19,EV71,13,6,0.6842105263157895,7
五河县,2011,52,EV71,51,1,0.9807692307692307,50
五河县,2012,42,CV-A16,26,16,0.6190476190476191,10
五河县,2013,30,EV71,30,0,1,30
五河县,2014,41,EV71,18,17,0.43902439024390244,1
五河县,2015,19,Others,9,8,0.47368421052631576,1
五河县,2016,48,EV71,19,18,0.3958333333333333,1
五河县,2017,47,Others,24,12,0.5106382978723404,12
五河县,2018,29,CV-A16,14,13,0.4827586206896552,1
五河县,2019,22,Others,13,8,0.5909090909090909,5
五河县,2020,63,Others,63,0,1,63
五河县,2021,8,CV-A16,5,3,0.625,2
五河县,2022,3,Others,2,1,0.6666666666666666,1
五河县,2023,13,Others,12,1,0.9230769230769231,11
休宁县,2009,109,Others,109,0,1,109
休宁县,2010,22,Others,14,7,0.6363636363636364,7
休宁县,2011,10,CV-A16,8,2,0.8,6
休宁县,2012,15,EV71,8,6,0.5333333333333333,2
休宁县,2013,26,EV71,22,4,0.8461538461538461,18
休宁县,2014,32,EV71,27,3,0.84375,24
休宁县,2015,21,CV-A16,11,8,0.5238095238095238,3
休宁县,2016,46,Others,22,19,0.4782608695652174,3
休宁县,2017,44,Others,31,11,0.7045454545454546,20
休宁县,2018,44,Others,24,19,0.5454545454545454,5
休宁县,2019,41,Others,30,11,0.7317073170731707,19
休宁县,2020,64,Others,63,1,0.984375,62
休宁县,2021,47,Others,39,8,0.8297872340425532,31
休宁县,2022,38,Others,29,9,0.7631578947368421,20
休宁县,2023,38,Others,37,1,0.9736842105263158,36
全椒县,2009,5,EV71,5,0,1,5
全椒县,2010,24,EV71,12,7,0.5,5
全椒县,2011,27,EV71,26,1,0.9629629629629629,25
全椒县,2012,8,CV-A16,5,3,0.625,2
全椒县,2013,18,EV71,15,2,0.8333333333333334,13
全椒县,2014,12,EV71,9,2,0.75,7
全椒县,2015,23,CV-A16,15,8,0.6521739130434783,7
全椒县,2016,31,Others,15,11,0.4838709677419355,4
全椒县,2017,23,EV71,11,7,0.4782608695652174,4
全椒县,2018,30,Others,29,1,0.9666666666666667,28
全椒县,2019,47,CV-A16,33,14,0.7021276595744681,19
全椒县,2020,50,Others,50,0,1,50
全椒县,2021,47,Others,45,2,0.9574468085106383,43
全椒县,2022,42,Others,32,10,0.7619047619047619,22
全椒县,2023,45,Others,45,0,1,45
八公山区,2010,1,EV71,1,0,1,1
八公山区,2011,9,EV71,7,1,0.7777777777777778,6
八公山区,2012,10,CV-A16,8,1,0.8,7
八公山区,2013,24,Others,13,11,0.5416666666666666,2
八公山区,2014,13,CV-A16,6,4,0.46153846153846156,2
八公山区,2015,10,Others,9,1,0.9,8
八公山区,2016,15,EV71,7,4,0.4666666666666667,3
八公山区,2017,12,Others,7,3,0.5833333333333334,4
八公山区,2018,10,Others,7,3,0.7,4
八公山区,2019,9,Others,7,2,0.7777777777777778,5
八公山区,2020,2,EV71,2,0,1,2
八公山区,2021,6,Others,4,2,0.6666666666666666,2
八公山区,2022,1,Others,1,0,1,1
八公山区,2023,3,Others,3,0,1,3
凤台县,2010,11,EV71,8,3,0.7272727272727273,5
凤台县,2011,139,CV-A16,69,57,0.49640287769784175,12
凤台县,2012,109,Others,46,45,0.42201834862385323,1
凤台县,2013,101,EV71,51,48,0.504950495049505,3
凤台县,2014,93,CV-A16,39,32,0.41935483870967744,7
凤台县,2015,103,CV-A16,46,40,0.44660194174757284,6
凤台县,2016,121,EV71,100,11,0.8264462809917356,89
凤台县,2017,35,Others,28,4,0.8,24
凤台县,2018,55,CV-A16,46,9,0.8363636363636363,37
凤台县,2019,60,Others,52,7,0.8666666666666667,45
凤台县,2020,51,Others,37,8,0.7254901960784313,29
凤台县,2021,29,Others,17,12,0.5862068965517241,5
凤台县,2022,9,Others,8,1,0.8888888888888888,7
凤台县,2023,39,Others,36,3,0.9230769230769231,33
凤阳县,2009,3,EV71,3,0,1,3
凤阳县,2010,20,EV71,14,5,0.7,9
凤阳县,2011,25,EV71,16,8,0.64,8
凤阳县,2012,20,CV-A16,16,2,0.8,14
凤阳县,2013,33,EV71,24,9,0.7272727272727273,15
凤阳县,2014,61,EV71,42,11,0.6885245901639344,31
凤阳县,2015,48,CV-A16,24,16,0.5,8
凤阳县,2016,66,Others,33,17,0.5,16
凤阳县,2017,31,Others,20,10,0.6451612903225806,10
凤阳县,2018,74,Others,49,25,0.6621621621621622,24
凤阳县,2019,81,Others,56,25,0.691358024691358,31
凤阳县,2020,80,Others,73,6,0.9125,67
凤阳县,2021,42,CV-A16,22,19,0.5238095238095238,3
凤阳县,2022,62,CV-A16,59,3,0.9516129032258065,56
凤阳县,2023,93,Others,93,0,1,93
利辛县,2008,1,EV71,1,0,1,1
利辛县,2009,12,EV71,10,2,0.8333333333333334,8
利辛县,2010,19,EV71,15,3,0.7894736842105263,12
利辛县,2011,36,EV71,14,13,0.3888888888888889,1
利辛县,2012,52,EV71,34,11,0.6538461538461539,23
利辛县,2013,33,EV71,24,9,0.7272727272727273,15
利辛县,2014,39,EV71,24,10,0.6153846153846154,14
利辛县,2015,5,Others,3,2,0.6,1
利辛县,2016,102,EV71,47,45,0.46078431372549017,2
利辛县,2017,32,Others,29,3,0.90625,26
利辛县,2018,43,Others,33,9,0.7674418604651163,24
利辛县,2019,54,Others,30,24,0.5555555555555556,6
利辛县,2020,71,Others,59,11,0.8309859154929577,48
利辛县,2021,110,Others,98,10,0.8909090909090909,88
利辛县,2022,41,Others,25,15,0.6097560975609756,10
利辛县,2023,127,Others,126,1,0.9921259842519685,125
包河区,2008,6,EV71,6,0,1,6
包河区,2009,12,EV71,12,0,1,12
包河区,2010,66,EV71,39,20,0.5909090909090909,19
包河区,2011,4,EV71,4,0,1,4
包河区,2012,16,EV71,8,6,0.5,2
包河区,2013,10,Others,7,3,0.7,4
包河区,2014,18,EV71,12,3,0.6666666666666666,9
包河区,2015,29,Others,13,11,0.4482758620689655,2
包河区,2016,6,EV71,3,2,0.5,1
包河区,2017,15,Others,12,2,0.8,10
包河区,2018,12,Others,11,1,0.9166666666666666,10
包河区,2019,38,Others,27,11,0.7105263157894737,16
包河区,2020,78,Others,78,0,1,78
包河区,2021,36,CV-A16,19,17,0.5277777777777778,2
包河区,2022,12,CV-A16,8,3,0.6666666666666666,5
包河区,2023,72,Others,63,7,0.875,56
南谯区,2009,5,EV71,5,0,1,5
南谯区,2010,17,EV71,13,4,0.7647058823529411,9
南谯区,2011,25,EV71,23,2,0.92,21
南谯区,2012,9,CV-A16,6,3,0.6666666666666666,3
南谯区,2013,8,EV71,8,0,1,8
南谯区,2014,7,EV71,7,0,1,7
南谯区,2015,33,Others,17,13,0.5151515151515151,4
南谯区,2016,37,Others,20,9,0.5405405405405406,11
南谯区,2017,34,CV-A16,17,11,0.5,6
南谯区,2018,42,Others,40,2,0.9523809523809523,38
南谯区,2019,61,Others,31,30,0.5081967213114754,1
南谯区,2020,73,Others,73,0,1,73
南谯区,2021,50,Others,40,10,0.8,30
南谯区,2022,54,CV-A16,33,21,0.6111111111111112,12
南谯区,2023,42,Others,37,4,0.8809523809523809,33
南陵县,2009,1,Others,1,0,1,1
南陵县,2010,44,Mixed,16,16,0.36363636363636365,0
南陵县,2011,42,CV-A16,26,15,0.6190476190476191,11
南陵县,2012,48,CV-A16,44,3,0.9166666666666666,41
南陵县,2013,68,EV71,41,24,0.6029411764705882,17
南陵县,2014,90,EV71,65,17,0.7222222222222222,48
南陵县,2015,38,Others,21,12,0.5526315789473685,9
南陵县,2016,58,CV-A16,31,23,0.5344827586206896,8
南陵县,2017,44,Others,23,12,0.5227272727272727,11
南陵县,2018,5,Others,5,0,1,5
南陵县,2019,72,CV-A16,64,8,0.8888888888888888,56
南陵县,2020,51,Others,51,0,1,51
南陵县,2021,50,Others,42,8,0.84,34
南陵县,2022,10,CV-A16,6,4,0.6,2
南陵县,2023,56,Others,49,7,0.875,42
博望区,2012,8,Others,5,3,0.625,2
博望区,2013,11,Others,7,4,0.6363636363636364,3
博望区,2014,17,Others,11,3,0.6470588235294118,8
博望区,2015,16,EV71,9,4,0.5625,5
博望区,2016,28,EV71,22,6,0.7857142857142857,16
博望区,2017,53,Others,38,13,0.71698113207547165,25
博望区,2018,43,Others,41,2,0.9534883720930233,39
博望区,2019,72,CV-A16,69,2,0.9583333333333334,67
博望区,2020,122,Others,121,1,0.9918032786885246,120
博望区,2021,52,Others,42,10,0.8076923076923077,32
博望区,2022,13,Others,10,3,0.7692307692307693,7
博望区,2023,82,Others,57,25,0.6951219512195121,32
叶集区,2016,1,EV71,1,0,1,1
叶集区,2018,1,Others,1,0,1,1
叶集区,2020,1,Others,1,0,1,1
叶集区,2021,1,Others,1,0,1,1
叶集区,2022,1,Others,1,0,1,1
叶集区,2023,14,Others,14,0,1,14
含山县,2012,16,CV-A16,7,5,0.4375,2
含山县,2013,59,Others,33,24,0.559322033898305,9
含山县,2014,52,Others,21,20,0.40384615384615385,1
含山县,2015,39,Others,22,12,0.5641025641025641,10
含山县,2016,61,Others,32,27,0.5245901639344263,5
含山县,2017,57,Others,39,18,0.6842105263157895,21
含山县,2018,60,Others,46,12,0.7666666666666667,34
含山县,2019,25,Others,12,11,0.48,1
含山县,2020,42,Others,40,2,0.9523809523809523,38
含山县,2021,41,Others,35,4,0.8536585365853658,31
含山县,2022,23,Others,19,3,0.8260869565217391,16
含山县,2023,45,Others,35,8,0.7777777777777778,27
和县,2010,4,Mixed,2,2,0.5,0
和县,2011,5,CV-A16,3,2,0.6,1
和县,2012,5,Mixed,2,2,0.4,0
和县,2013,34,Others,17,16,0.5,1
和县,2014,46,Others,21,18,0.45652173913043476,3
和县,2015,43,Others,36,4,0.8372093023255814,32
和县,2016,59,EV71,27,16,0.4576271186440678,11
和县,2017,75,Others,45,28,0.6,17
和县,2018,53,Others,46,7,0.8679245283018868,39
和县,2019,77,CV-A16,51,26,0.6623376623376623,25
和县,2020,52,Others,52,0,1,52
和县,2021,107,Others,104,3,0.9719626168224299,101
和县,2022,30,Others,20,10,0.6666666666666666,10
和县,2023,141,Others,133,8,0.9432624113475178,125
固镇县,2008,1,EV71,1,0,1,1
固镇县,2010,17,EV71,9,7,0.5294117647058824,2
固镇县,2011,52,EV71,49,3,0.9423076923076923,46
固镇县,2012,58,EV71,22,18,0.3793103448275862,4
固镇县,2013,43,EV71,40,2,0.9302325581395349,38
固镇县,2014,75,CV-A16,40,18,0.5333333333333333,22
固镇县,2015,43,EV71,23,15,0.5348837209302325,8
固镇县,2016,76,Others,36,22,0.47368421052631576,14
固镇县,2017,53,Others,31,12,0.5849056603773585,19
固镇县,2018,48,Others,35,8,0.7291666666666666,27
固镇县,2019,24,Others,20,4,0.8333333333333334,16
固镇县,2020,102,Others,102,0,1,102
固镇县,2021,62,Mixed,31,31,0.5,0
固镇县,2022,8,Others,7,1,0.875,6
固镇县,2023,49,Others,48,1,0.9795918367346939,47
埇桥区,2008,8,EV71,8,0,1,8
埇桥区,2011,3,EV71,3,0,1,3
埇桥区,2012,7,CV-A16,6,1,0.8571428571428571,5
埇桥区,2013,1,EV71,1,0,1,1
埇桥区,2014,13,EV71,7,6,0.5384615384615384,1
埇桥区,2015,16,Others,13,3,0.8125,10
埇桥区,2016,21,EV71,9,8,0.42857142857142855,1
埇桥区,2017,16,Others,15,1,0.9375,14
埇桥区,2018,40,Others,39,1,0.975,38
埇桥区,2019,27,Others,27,0,1,27
埇桥区,2020,17,Others,17,0,1,17
埇桥区,2021,44,Others,43,1,0.9772727272727273,42
埇桥区,2022,22,Others,15,7,0.6818181818181818,8
埇桥区,2023,32,Others,30,2,0.9375,28
大观区,2014,1,EV71,1,0,1,1
大观区,2021,1,CV-A16,1,0,1,1
大通区,2010,14,CV-A16,7,4,0.5,3
大通区,2011,13,EV71,10,3,0.7692307692307693,7
大通区,2012,9,EV71,4,3,0.4444444444444444,1
大通区,2013,8,Mixed,3,3,0.375,0
大通区,2014,12,EV71,6,4,0.5,2
大通区,2015,14,Others,7,6,0.5,1
大通区,2016,15,CV-A16,7,5,0.4666666666666667,2
大通区,2017,16,Others,9,4,0.5625,5
大通区,2018,33,Others,20,13,0.6060606060606061,7
大通区,2019,16,Mixed,8,8,0.5,0
大通区,2020,25,Others,23,1,0.92,22
大通区,2021,32,Others,20,12,0.625,8
大通区,2022,19,Others,18,1,0.9473684210526315,17
大通区,2023,22,Others,22,0,1,22
天长市,2010,9,EV71,8,1,0.8888888888888888,7
天长市,2011,10,EV71,8,2,0.8,6
天长市,2012,3,CV-A16,3,0,1,3
天长市,2013,1,EV71,1,0,1,1
天长市,2014,19,EV71,9,7,0.47368421052631576,2
天长市,2015,19,Others,19,0,1,19
天长市,2016,19,CV-A16,10,8,0.5263157894736842,2
天长市,2017,20,EV71,12,8,0.6,4
天长市,2018,47,Others,24,20,0.5106382978723404,4
天长市,2019,17,CV-A16,9,8,0.5294117647058824,1
天长市,2020,22,Others,17,5,0.7727272727272727,12
天长市,2021,43,Others,33,10,0.7674418604651163,23
天长市,2022,56,CV-A16,43,13,0.7678571428571429,30
天长市,2023,51,Others,49,2,0.9607843137254902,47
太和县,2009,23,EV71,20,3,0.8695652173913043,17
太和县,2010,9,EV71,6,2,0.6666666666666666,4
太和县,2011,53,EV71,45,8,0.8490566037735849,37
太和县,2012,14,EV71,6,4,0.42857142857142855,2
太和县,2013,24,EV71,21,3,0.875,18
太和县,2014,21,EV71,18,2,0.8571428571428571,16
太和县,2015,2,Mixed,1,1,0.5,0
太和县,2016,97,EV71,67,26,0.6907216494845361,41
太和县,2017,8,EV71,6,2,0.75,4
太和县,2018,22,Others,16,4,0.7272727272727273,12
太和县,2019,31,Others,19,9,0.6129032258064516,10
太和县,2020,62,Others,49,7,0.7903225806451613,42
太和县,2021,82,Others,59,16,0.7195121951219512,43
太和县,2022,46,EV71,31,14,0.6739130434782609,17
太和县,2023,106,EV71,63,40,0.5943396226415094,23
太湖县,2010,4,Others,2,1,0.5,1
太湖县,2011,4,EV71,3,1,0.75,2
太湖县,2012,5,Mixed,2,2,0.4,0
太湖县,2014,12,CV-A16,7,4,0.5833333333333334,3
太湖县,2015,32,Others,27,3,0.84375,24
太湖县,2016,46,Others,30,15,0.6521739130434783,15
太湖县,2017,44,Others,43,1,0.9772727272727273,42
太湖县,2018,50,Others,26,17,0.52,9
太湖县,2019,1,Others,1,0,1,1
太湖县,2020,53,Others,51,2,0.9622641509433962,49
太湖县,2021,11,CV-A16,6,5,0.5454545454545454,1
太湖县,2023,77,Others,75,2,0.974025974025974,73
宁国市,2008,3,EV71,3,0,1,3
宁国市,2010,21,Mixed,7,7,0.3333333333333333,0
宁国市,2011,33,EV71,17,13,0.5151515151515151,4
宁国市,2012,22,Others,11,8,0.5,3
宁国市,2013,22,Others,12,8,0.5454545454545454,4
宁国市,2014,36,Others,13,12,0.3611111111111111,1
宁国市,2015,29,CV-A16,11,10,0.3793103448275862,1
宁国市,2016,24,Others,13,6,0.5416666666666666,7
宁国市,2017,13,Mixed,6,6,0.46153846153846156,0
宁国市,2018,46,Others,37,9,0.8043478260869565,28
宁国市,2019,67,CV-A16,57,10,0.8507462686567164,47
宁国市,2020,38,Others,36,2,0.9473684210526315,34
宁国市,2021,54,Others,54,0,1,54
宁国市,2022,16,Others,15,1,0.9375,14
宁国市,2023,56,Others,52,4,0.9285714285714286,48
定远县,2010,9,EV71,8,1,0.8888888888888888,7
定远县,2011,38,EV71,26,9,0.6842105263157895,17
定远县,2012,24,CV-A16,21,3,0.875,18
定远县,2013,13,EV71,8,5,0.6153846153846154,3
定远县,2014,28,EV71,21,5,0.75,16
定远县,2015,11,EV71,7,2,0.6363636363636364,5
定远县,2016,4,Mixed,2,2,0.5,0
定远县,2017,27,Others,15,10,0.5555555555555556,5
定远县,2018,35,Others,29,6,0.8285714285714286,23
定远县,2019,47,Others,26,21,0.5531914893617021,5
定远县,2020,62,Others,62,0,1,62
定远县,2021,58,CV-A16,34,24,0.5862068965517241,10
定远县,2022,60,Others,39,21,0.65,18
定远县,2023,55,Others,46,5,0.8363636363636363,41
宜秀区,2008,1,EV71,1,0,1,1
宜秀区,2009,1,CV-A16,1,0,1,1
宜秀区,2010,13,EV71,7,4,0.5384615384615384,3
宜秀区,2014,1,EV71,1,0,1,1
宜秀区,2015,2,EV71,2,0,1,2
宜秀区,2016,17,Others,8,6,0.47058823529411764,2
宜秀区,2017,33,Others,28,5,0.8484848484848485,23
宜秀区,2018,40,Others,25,14,0.625,11
宜秀区,2019,16,Others,15,1,0.9375,14
宜秀区,2020,26,Others,26,0,1,26
宜秀区,2021,9,Others,5,3,0.5555555555555556,2
宜秀区,2023,4,Mixed,2,2,0.5,0
宣州区,2010,24,Others,12,7,0.5,5
宣州区,2011,54,EV71,36,13,0.6666666666666666,23
宣州区,2012,30,Others,15,11,0.5,4
宣州区,2013,52,Others,22,21,0.4230769230769231,1
宣州区,2014,60,EV71,39,15,0.65,24
宣州区,2015,35,Others,18,11,0.5142857142857142,7
宣州区,2016,4,EV71,3,1,0.75,2
宣州区,2017,27,CV-A16,23,3,0.8518518518518519,20
宣州区,2018,53,Others,37,13,0.6981132075471698,24
宣州区,2019,44,CV-A16,31,10,0.7045454545454546,21
宣州区,2020,21,Others,17,4,0.8095238095238095,13
宣州区,2021,38,Others,24,7,0.631578947368421,17
宣州区,2022,31,Others,25,6,0.8064516129032258,19
宣州区,2023,52,Others,48,4,0.9230769230769231,44
宿松县,2010,9,CV-A16,7,2,0.7777777777777778,5
宿松县,2011,13,Mixed,5,5,0.38461538461538464,0
宿松县,2012,29,EV71,14,9,0.4827586206896552,5
宿松县,2014,1,Others,1,0,1,1
宿松县,2015,44,Others,33,9,0.75,24
宿松县,2016,43,Others,26,15,0.6046511627906976,11
宿松县,2017,36,Others,25,8,0.6944444444444444,17
宿松县,2018,40,Others,33,7,0.825,26
宿松县,2020,51,Others,50,1,0.9803921568627451,49
宿松县,2021,9,Others,9,0,1,9
宿松县,2022,1,Others,1,0,1,1
宿松县,2023,73,Others,72,1,0.9863013698630136,71
寿县,2009,6,EV71,5,1,0.8333333333333334,4
寿县,2010,42,EV71,41,1,0.9761904761904762,40
寿县,2011,12,EV71,9,3,0.75,6
寿县,2012,15,EV71,10,3,0.6666666666666666,7
寿县,2013,20,EV71,13,7,0.65,6
寿县,2014,18,EV71,12,3,0.6666666666666666,9
寿县,2015,22,Others,11,8,0.5,3
寿县,2016,41,Others,19,18,0.4634146341463415,1
寿县,2017,13,Others,7,4,0.5384615384615384,3
寿县,2018,79,CV-A16,51,28,0.6455696202531646,23
寿县,2019,26,Others,14,12,0.5384615384615384,2
寿县,2020,57,Others,51,6,0.8947368421052632,45
寿县,2021,67,Others,55,12,0.8208955223880597,43
寿县,2022,4,Others,3,1,0.75,2
寿县,2023,66,Others,66,0,1,66
屯溪区,2010,16,Mixed,7,7,0.4375,0
屯溪区,2011,13,EV71,8,5,0.6153846153846154,3
屯溪区,2012,13,EV71,9,2,0.6923076923076923,7
屯溪区,2013,19,EV71,13,5,0.6842105263157895,8
屯溪区,2014,10,Others,5,4,0.5,1
屯溪区,2015,4,Others,3,1,0.75,2
屯溪区,2016,19,Others,11,8,0.5789473684210527,3
屯溪区,2017,23,Others,20,2,0.8695652173913043,18
屯溪区,2018,37,CV-A16,19,17,0.5135135135135135,2
屯溪区,2019,42,Others,32,9,0.7619047619047619,23
屯溪区,2020,40,Others,40,0,1,40
屯溪区,2021,38,Others,31,7,0.8157894736842105,24
屯溪区,2022,6,Others,6,0,1,6
屯溪区,2023,32,Others,31,1,0.96875,30
岳西县,2010,11,CV-A16,7,2,0.6363636363636364,5
岳西县,2011,2,EV71,2,0,1,2
岳西县,2012,3,EV71,2,1,0.6666666666666666,1
岳西县,2014,10,CV-A16,7,3,0.7,4
岳西县,2015,3,Others,3,0,1,3
岳西县,2016,1,Others,1,0,1,1
岳西县,2017,7,CV-A16,5,2,0.7142857142857143,3
岳西县,2018,42,Others,31,11,0.7380952380952381,20
岳西县,2019,13,Others,7,6,0.5384615384615384,1
岳西县,2020,64,Others,64,0,1,64
岳西县,2023,58,Others,58,0,1,58
巢湖市,2010,1,EV71,1,0,1,1
巢湖市,2012,38,EV71,15,13,0.39473684210526316,2
巢湖市,2013,38,EV71,18,13,0.47368421052631576,5
巢湖市,2014,38,CV-A16,16,12,0.42105263157894735,4
巢湖市,2015,18,EV71,9,5,0.5,4
巢湖市,2016,23,Others,17,4,0.7391304347826086,13
巢湖市,2017,24,Others,17,6,0.7083333333333334,11
巢湖市,2018,13,Others,9,4,0.6923076923076923,5
巢湖市,2019,33,Others,21,12,0.6363636363636364,9
巢湖市,2020,3,Others,3,0,1,3
巢湖市,2021,29,CV-A16,18,10,0.6206896551724138,8
巢湖市,2022,43,EV71,24,18,0.5581395348837209,6
巢湖市,2023,154,EV71,135,19,0.8766233766233766,116
广德市,2010,16,CV-A16,8,5,0.5,3
广德市,2011,28,EV71,13,11,0.4642857142857143,2
广德市,2012,15,Others,7,6,0.4666666666666667,1
广德市,2013,6,EV71,4,1,0.6666666666666666,3
广德市,2014,24,EV71,18,4,0.75,14
广德市,2015,77,Others,61,16,0.7922077922077922,45
广德市,2016,39,CV-A16,18,11,0.46153846153846156,7
广德市,2017,2,Others,2,0,1,2
广德市,2018,94,Others,64,27,0.6808510638297872,37
广德市,2019,42,CV-A16,35,7,0.8333333333333334,28
广德市,2020,71,CV-A16,67,4,0.9436619718309859,63
广德市,2021,48,Others,48,0,1,48
广德市,2022,64,Others,63,1,0.984375,62
广德市,2023,79,Others,77,2,0.9746835443037974,75
庐江县,2009,1,Others,1,0,1,1
庐江县,2010,6,EV71,5,1,0.8333333333333334,4
庐江县,2011,4,Mixed,2,2,0.5,0
庐江县,2012,20,EV71,10,7,0.5,3
庐江县,2013,44,EV71,24,13,0.5454545454545454,11
庐江县,2014,38,EV71,24,9,0.631578947368421,15
庐江县,2015,41,Others,28,13,0.6829268292682927,15
庐江县,2016,30,Others,13,11,0.43333333333333335,2
庐江县,2017,47,Others,26,19,0.5531914893617021,7
庐江县,2018,49,Others,29,20,0.5918367346938775,9
庐江县,2019,83,Others,46,37,0.5542168674698795,9
庐江县,2020,35,Others,24,11,0.6857142857142857,13
庐江县,2021,93,Others,49,44,0.5268817204301075,5
庐江县,2022,29,Others,25,2,0.8620689655172413,23
庐江县,2023,61,Others,61,0,1,61
庐阳区,2008,2,EV71,2,0,1,2
庐阳区,2009,33,EV71,23,9,0.696969696969697,14
庐阳区,2010,14,EV71,9,5,0.6428571428571429,4
庐阳区,2011,1,EV71,1,0,1,1
庐阳区,2012,10,CV-A16,5,4,0.5,1
庐阳区,2013,8,Mixed,4,4,0.5,0
庐阳区,2014,11,EV71,7,4,0.6363636363636364,3
庐阳区,2015,18,Others,10,5,0.5555555555555556,5
庐阳区,2016,26,CV-A16,10,9,0.38461538461538464,1
庐阳区,2017,14,Others,11,2,0.7857142857142857,9
庐阳区,2018,16,Others,14,2,0.875,12
庐阳区,2019,13,Others,10,3,0.7692307692307693,7
庐阳区,2020,26,Others,26,0,1,26
庐阳区,2021,22,Others,13,9,0.5909090909090909,4
庐阳区,2022,18,Others,12,6,0.6666666666666666,6
庐阳区,2023,56,Others,54,2,0.9642857142857143,52
弋江区,2009,27,CV-A16,14,13,0.5185185185185185,1
弋江区,2010,22,CV-A16,15,4,0.6818181818181818,11
弋江区,2011,46,EV71,39,4,0.8478260869565217,35
弋江区,2012,36,CV-A16,16,11,0.4444444444444444,5
弋江区,2013,46,EV71,36,9,0.782608695652174,27
弋江区,2014,75,CV-A16,55,12,0.7333333333333333,43
弋江区,2015,65,Others,30,29,0.46153846153846156,1
弋江区,2016,93,CV-A16,36,33,0.3870967741935484,3
弋江区,2017,93,Others,75,11,0.8064516129032258,64
弋江区,2018,161,Others,133,23,0.8260869565217391,110
弋江区,2019,129,CV-A16,102,27,0.7906976744186046,75
弋江区,2020,76,Others,76,0,1,76
弋江区,2021,107,Others,101,6,0.9439252336448598,95
弋江区,2022,43,Others,24,19,0.5581395348837209,5
弋江区,2023,107,Others,97,10,0.9065420560747663,87
当涂县,2010,78,CV-A16,57,16,0.7307692307692307,41
当涂县,2011,124,EV71,85,28,0.6854838709677419,57
当涂县,2012,22,CV-A16,10,7,0.45454545454545453,3
当涂县,2013,95,Others,64,26,0.6736842105263158,38
当涂县,2014,59,CV-A16,31,21,0.5254237288135594,10
当涂县,2015,58,Others,36,18,0.6206896551724138,18
当涂县,2016,61,Others,27,24,0.4426229508196721,3
当涂县,2017,56,Others,30,24,0.5357142857142857,6
当涂县,2018,72,Others,65,4,0.9027777777777778,61
当涂县,2019,59,CV-A16,50,9,0.847457627118644,41
当涂县,2020,90,Others,90,0,1,90
当涂县,2021,74,Others,74,0,1,74
当涂县,2022,18,CV-A16,10,8,0.5555555555555556,2
当涂县,2023,128,CV-A16,79,49,0.6171875,30
徽州区,2010,20,CV-A16,13,7,0.65,6
徽州区,2011,5,EV71,5,0,1,5
徽州区,2012,5,EV71,3,2,0.6,1
徽州区,2013,10,Others,6,4,0.6,2
徽州区,2014,14,Mixed,6,6,0.42857142857142855,0
徽州区,2015,27,Others,14,12,0.5185185185185185,2
徽州区,2016,37,CV-A16,28,7,0.7567567567567568,21
徽州区,2017,59,Others,56,2,0.9491525423728814,54
徽州区,2018,52,CV-A16,27,25,0.5192307692307693,2
徽州区,2019,59,Others,50,9,0.847457627118644,41
徽州区,2020,69,Others,69,0,1,69
徽州区,2021,36,Others,35,1,0.9722222222222222,34
徽州区,2022,23,Others,18,5,0.782608695652174,13
徽州区,2023,67,Others,60,7,0.8955223880597015,53
怀宁县,2010,11,CV-A16,7,3,0.6363636363636364,4
怀宁县,2011,4,Others,3,1,0.75,2
怀宁县,2012,5,EV71,4,1,0.8,3
怀宁县,2014,22,Mixed,10,10,0.45454545454545453,0
怀宁县,2015,20,Others,17,2,0.85,15
怀宁县,2016,72,Others,50,19,0.6944444444444444,31
怀宁县,2017,34,CV-A16,23,10,0.6764705882352942,13
怀宁县,2018,51,Others,42,8,0.8235294117647058,34
怀宁县,2019,9,Others,8,1,0.8888888888888888,7
怀宁县,2020,66,Others,65,1,0.9848484848484849,64
怀宁县,2021,57,CV-A16,22,18,0.38596491228070173,4
怀宁县,2022,147,CV-A16,98,49,0.6666666666666666,49
怀宁县,2023,71,Others,57,14,0.8028169014084507,43
怀远县,2008,1,EV71,1,0,1,1
怀远县,2009,5,EV71,5,0,1,5
怀远县,2010,8,CV-A16,6,1,0.75,5
怀远县,2011,35,EV71,30,5,0.8571428571428571,25
怀远县,2012,36,EV71,26,10,0.7222222222222222,16
怀远县,2013,28,EV71,28,0,1,28
怀远县,2014,39,EV71,18,11,0.46153846153846156,7
怀远县,2015,30,Others,19,9,0.6333333333333333,10
怀远县,2016,71,EV71,29,23,0.4084507042253521,6
怀远县,2017,46,Others,24,14,0.5217391304347826,10
怀远县,2018,64,Others,42,22,0.65625,20
怀远县,2019,87,Others,60,27,0.6896551724137931,33
怀远县,2020,60,Others,40,17,0.6666666666666666,23
怀远县,2021,113,Others,66,47,0.584070796460177,19
怀远县,2022,12,Others,9,2,0.75,7
怀远县,2023,139,Others,138,1,0.9928057553956835,137
旌德县,2008,1,Others,1,0,1,1
旌德县,2010,15,CV-A16,8,7,0.5333333333333333,1
旌德县,2011,23,EV71,12,7,0.5217391304347826,5
旌德县,2012,15,Others,11,3,0.7333333333333333,8
旌德县,2013,21,EV71,13,5,0.6190476190476191,8
旌德县,2014,38,CV-A16,31,7,0.8157894736842105,24
旌德县,2015,15,CV-A16,8,4,0.5333333333333333,4
旌德县,2016,5,EV71,5,0,1,5
旌德县,2017,3,CV-A16,2,1,0.6666666666666666,1
旌德县,2018,15,Others,10,5,0.6666666666666666,5
旌德县,2019,38,Others,20,18,0.5263157894736842,2
旌德县,2020,1,Others,1,0,1,1
旌德县,2021,8,Others,7,1,0.875,6
旌德县,2022,29,Others,29,0,1,29
旌德县,2023,1,Others,1,0,1,1
无为市,2009,1,Others,1,0,1,1
无为市,2010,1,EV71,1,0,1,1
无为市,2011,2,EV71,2,0,1,2
无为市,2012,27,EV71,19,7,0.7037037037037037,12
无为市,2013,7,EV71,5,2,0.7142857142857143,3
无为市,2014,53,CV-A16,32,14,0.6037735849056604,18
无为市,2015,35,CV-A16,28,7,0.8,21
无为市,2016,53,EV71,50,3,0.9433962264150944,47
无为市,2017,58,Others,54,2,0.9310344827586207,52
无为市,2018,6,Others,4,1,0.6666666666666666,3
无为市,2019,58,CV-A16,56,2,0.9655172413793104,54
无为市,2020,62,Others,62,0,1,62
无为市,2021,49,Others,30,19,0.6122448979591837,11
无为市,2022,32,Others,25,7,0.78125,18
无为市,2023,63,Others,35,28,0.5555555555555556,7
明光市,2008,1,EV71,1,0,1,1
明光市,2010,25,EV71,19,4,0.76,15
明光市,2011,43,EV71,41,1,0.9534883720930233,40
明光市,2012,17,EV71,9,6,0.5294117647058824,3
明光市,2013,13,EV71,8,5,0.6153846153846154,3
明光市,2014,22,EV71,9,8,0.4090909090909091,1
明光市,2015,32,Others,17,11,0.53125,6
明光市,2016,54,CV-A16,30,20,0.5555555555555556,10
明光市,2017,17,Others,12,3,0.7058823529411765,9
明光市,2018,40,Others,34,6,0.85,28
明光市,2019,49,Others,30,19,0.6122448979591837,11
明光市,2020,55,Others,55,0,1,55
明光市,2021,50,Others,31,19,0.62,12
明光市,2022,38,Others,27,9,0.7105263157894737,18
明光市,2023,61,Others,61,0,1,61
望江县,2009,3,EV71,3,0,1,3
望江县,2010,7,Others,6,1,0.8571428571428571,5
望江县,2011,3,Mixed,1,1,0.3333333333333333,0
望江县,2012,20,Mixed,10,10,0.5,0
望江县,2013,9,Others,6,3,0.6666666666666666,3
望江县,2014,24,Others,13,6,0.5416666666666666,7
望江县,2015,44,Others,28,16,0.6363636363636364,12
望江县,2016,32,Others,18,11,0.5625,7
望江县,2017,50,Others,50,0,1,50
望江县,2018,59,Others,30,27,0.5084745762711864,3
望江县,2019,41,CV-A16,32,9,0.7804878048780488,23
望江县,2020,61,Others,61,0,1,61
望江县,2021,6,Others,6,0,1,6
望江县,2022,31,CV-A16,23,7,0.7419354838709677,16
望江县,2023,53,Others,53,0,1,53
杜集区,2010,23,CV-A16,12,10,0.5217391304347826,2
杜集区,2011,29,EV71,20,9,0.6896551724137931,11
杜集区,2012,35,EV71,20,8,0.5714285714285714,12
杜集区,2013,22,EV71,14,8,0.6363636363636364,6
杜集区,2014,21,EV71,14,7,0.6666666666666666,7
杜集区,2015,10,CV-A16,6,3,0.6,3
杜集区,2016,34,EV71,20,7,0.5882352941176471,13
杜集区,2017,12,Others,7,4,0.5833333333333334,3
杜集区,2018,16,Others,13,3,0.8125,10
杜集区,2019,15,Others,9,4,0.6,5
杜集区,2020,9,Others,9,0,1,9
杜集区,2021,17,Others,15,2,0.8823529411764706,13
杜集区,2022,5,Others,5,0,1,5
杜集区,2023,21,Others,21,0,1,21
来安县,2010,28,EV71,26,1,0.9285714285714286,25
来安县,2011,26,EV71,12,11,0.46153846153846156,1
来安县,2012,28,EV71,16,11,0.5714285714285714,5
来安县,2013,28,Others,18,6,0.6428571428571429,12
来安县,2014,21,CV-A16,12,6,0.5714285714285714,6
来安县,2015,38,Others,19,11,0.5,8
来安县,2016,43,Mixed,17,17,0.3953488372093023,0
来安县,2017,11,CV-A16,8,3,0.7272727272727273,5
来安县,2018,20,Others,14,6,0.7,8
来安县,2019,37,CV-A16,20,17,0.5405405405405406,3
来安县,2020,53,Others,53,0,1,53
来安县,2021,57,Others,32,25,0.5614035087719298,7
来安县,2022,54,CV-A16,28,26,0.5185185185185185,2
来安县,2023,52,Others,52,0,1,52
枞阳县,2010,19,EV71,12,5,0.631578947368421,7
枞阳县,2011,11,Mixed,5,5,0.45454545454545453,0
枞阳县,2012,19,EV71,16,2,0.8421052631578947,14
枞阳县,2013,19,Others,10,6,0.5263157894736842,4
枞阳县,2014,6,EV71,4,1,0.6666666666666666,3
枞阳县,2015,18,EV71,11,7,0.6111111111111112,4
枞阳县,2017,10,Others,9,1,0.9,8
枞阳县,2018,7,Others,5,2,0.7142857142857143,3
枞阳县,2019,17,Others,13,4,0.7647058823529411,9
枞阳县,2020,62,Others,62,0,1,62
枞阳县,2021,7,CV-A16,5,2,0.7142857142857143,3
枞阳县,2022,3,CV-A16,2,1,0.6666666666666666,1
枞阳县,2023,13,Others,13,0,1,13
桐城市,2009,2,Others,2,0,1,2
桐城市,2010,6,EV71,6,0,1,6
桐城市,2011,2,EV71,2,0,1,2
桐城市,2012,4,CV-A16,4,0,1,4
桐城市,2013,3,EV71,2,1,0.6666666666666666,1
桐城市,2014,6,Mixed,2,2,0.3333333333333333,0
桐城市,2016,5,Others,4,1,0.8,3
桐城市,2017,1,Others,1,0,1,1
桐城市,2018,1,Others,1,0,1,1
桐城市,2019,2,Others,2,0,1,2
桐城市,2020,18,Others,18,0,1,18
桐城市,2021,18,Others,18,0,1,18
桐城市,2022,41,Others,38,3,0.926829268292683,35
桐城市,2023,68,Others,68,0,1,68
歙县,2010,34,CV-A16,18,12,0.5294117647058824,6
歙县,2011,24,EV71,17,7,0.7083333333333334,10
歙县,2012,45,EV71,33,10,0.7333333333333333,23
歙县,2013,27,EV71,15,10,0.5555555555555556,5
歙县,2014,46,CV-A16,19,17,0.41304347826086957,2
歙县,2015,26,Others,15,7,0.5769230769230769,8
歙县,2016,49,Others,25,23,0.5102040816326531,2
歙县,2017,44,Others,42,1,0.9545454545454546,41
歙县,2018,111,Others,78,28,0.7027027027027027,50
歙县,2019,76,Others,51,20,0.6710526315789473,31
歙县,2020,111,Others,109,2,0.9819819819819819,107
歙县,2021,32,CV-A16,17,15,0.53125,2
歙县,2022,31,Others,29,2,0.9354838709677419,27
歙县,2023,82,Others,82,0,1,82
泗县,2008,1,EV71,1,0,1,1
泗县,2011,3,EV71,3,0,1,3
泗县,2012,6,CV-A16,6,0,1,6
泗县,2013,13,EV71,11,2,0.8461538461538461,9
泗县,2014,33,CV-A16,15,11,0.45454545454545453,4
泗县,2015,15,Mixed,7,7,0.4666666666666667,0
泗县,2016,17,EV71,11,5,0.6470588235294118,6
泗县,2017,19,Others,17,1,0.8947368421052632,16
泗县,2018,28,Others,16,12,0.5714285714285714,4
泗县,2019,14,CV-A16,8,6,0.5714285714285714,2
泗县,2020,27,Others,27,0,1,27
泗县,2021,11,Others,9,2,0.8181818181818182,7
泗县,2022,3,Others,3,0,1,3
泗县,2023,45,Others,39,6,0.8666666666666667,33
泾县,2009,6,EV71,6,0,1,6
泾县,2010,28,CV-A16,14,10,0.5,4
泾县,2011,35,EV71,19,14,0.5428571428571428,5
泾县,2012,55,Others,34,11,0.6181818181818182,23
泾县,2013,31,CV-A16,14,9,0.45161290322580644,5
泾县,2014,26,CV-A16,14,9,0.5384615384615384,5
泾县,2015,42,EV71,23,16,0.5476190476190477,7
泾县,2016,23,CV-A16,19,3,0.8260869565217391,16
泾县,2018,47,Others,40,7,0.851063829787234,33
泾县,2019,80,Others,56,24,0.7,32
泾县,2020,50,Others,50,0,1,50
泾县,2021,49,Others,49,0,1,49
泾县,2022,19,Others,19,0,1,19
泾县,2023,71,Others,70,1,0.9859154929577465,69
涡阳县,2008,2,Others,2,0,1,2
涡阳县,2009,1,Others,1,0,1,1
涡阳县,2010,29,EV71,18,6,0.6206896551724138,12
涡阳县,2011,26,EV71,16,7,0.6153846153846154,9
涡阳县,2012,21,EV71,14,5,0.6666666666666666,9
涡阳县,2013,29,EV71,24,5,0.8275862068965517,19
涡阳县,2014,32,EV71,23,6,0.71875,17
涡阳县,2015,37,Others,22,14,0.5945945945945946,8
涡阳县,2016,41,EV71,33,7,0.8048780487804879,26
涡阳县,2017,21,EV71,15,6,0.7142857142857143,9
涡阳县,2018,90,Others,89,1,0.9888888888888889,88
涡阳县,2019,2,Mixed,1,1,0.5,0
涡阳县,2021,3,Others,3,0,1,3
涡阳县,2023,90,Others,90,0,1,90
淮上区,2008,4,EV71,4,0,1,4
淮上区,2010,7,EV71,4,3,0.5714285714285714,1
淮上区,2011,6,EV71,6,0,1,6
淮上区,2012,12,CV-A16,10,2,0.8333333333333334,8
淮上区,2013,10,EV71,10,0,1,10
淮上区,2014,13,Others,5,4,0.38461538461538464,1
淮上区,2015,9,Mixed,3,3,0.3333333333333333,0
淮上区,2016,31,EV71,14,11,0.45161290322580644,3
淮上区,2017,26,Others,16,7,0.6153846153846154,9
淮上区,2018,33,Others,28,3,0.8484848484848485,25
淮上区,2019,35,Others,27,8,0.7714285714285715,19
淮上区,2020,29,Others,29,0,1,29
淮上区,2021,31,Others,18,13,0.5806451612903226,5
淮上区,2022,22,Others,19,3,0.8636363636363636,16
淮上区,2023,40,Others,40,0,1,40
湾沚区,2009,2,EV71,2,0,1,2
湾沚区,2010,20,Others,11,5,0.55,6
湾沚区,2011,20,EV71,12,7,0.6,5
湾沚区,2012,40,EV71,26,11,0.65,15
湾沚区,2013,31,CV-A16,13,10,0.41935483870967744,3
湾沚区,2014,17,Others,13,3,0.7647058823529411,10
湾沚区,2015,52,EV71,23,21,0.4423076923076923,2
湾沚区,2016,41,CV-A16,24,13,0.5853658536585366,11
湾沚区,2017,58,EV71,32,19,0.5517241379310345,13
湾沚区,2018,72,Others,59,8,0.8194444444444444,51
湾沚区,2019,12,CV-A16,7,5,0.5833333333333334,2
湾沚区,2020,60,Others,59,1,0.9833333333333333,58
湾沚区,2021,16,Others,16,0,1,16
湾沚区,2022,79,Others,79,0,1,79
湾沚区,2023,43,Others,43,0,1,43
潘集区,2008,3,Others,3,0,1,3
潘集区,2010,1,EV71,1,0,1,1
潘集区,2011,26,EV71,15,9,0.5769230769230769,6
潘集区,2012,77,EV71,33,24,0.42857142857142855,9
潘集区,2013,97,EV71,68,23,0.7010309278350515,45
潘集区,2014,88,EV71,39,29,0.4431818181818182,10
潘集区,2015,74,Others,43,17,0.581081081081081,26
潘集区,2016,75,EV71,34,22,0.4533333333333333,12
潘集区,2017,103,Others,54,46,0.5242718446601942,8
潘集区,2018,67,Others,38,29,0.5671641791044776,9
潘集区,2019,73,Others,56,16,0.7671232876712328,40
潘集区,2020,111,Others,100,10,0.9009009009009009,90
潘集区,2021,86,Others,69,17,0.8023255813953488,52
潘集区,2022,9,Others,9,0,1,9
潘集区,2023,29,Others,29,0,1,29
潜山市,2010,3,CV-A16,2,1,0.6666666666666666,1
潜山市,2011,6,EV71,3,2,0.5,1
潜山市,2012,11,Others,5,3,0.45454545454545453,2
潜山市,2013,5,EV71,4,1,0.8,3
潜山市,2014,22,EV71,11,6,0.5,5
潜山市,2015,18,Others,14,3,0.7777777777777778,11
潜山市,2016,61,Others,39,19,0.639344262295082,20
潜山市,2017,29,Others,16,10,0.5517241379310345,6
潜山市,2018,59,Others,33,14,0.559322033898305,19
潜山市,2019,9,CV-A16,6,3,0.6666666666666666,3
潜山市,2020,6,Others,6,0,1,6
潜山市,2021,4,Others,3,1,0.75,2
潜山市,2023,49,Others,45,2,0.9183673469387755,43
濉溪县,2008,1,EV71,1,0,1,1
濉溪县,2009,3,EV71,2,1,0.6666666666666666,1
濉溪县,2010,11,EV71,10,1,0.9090909090909091,9
濉溪县,2011,28,EV71,20,8,0.7142857142857143,12
濉溪县,2012,17,EV71,16,1,0.9411764705882353,15
濉溪县,2013,5,EV71,3,2,0.6,1
濉溪县,2014,11,CV-A16,8,3,0.7272727272727273,5
濉溪县,2015,4,EV71,4,0,1,4
濉溪县,2016,20,EV71,9,6,0.45,3
濉溪县,2017,14,CV-A16,7,6,0.5,1
濉溪县,2018,8,Others,5,3,0.625,2
濉溪县,2019,22,Others,9,7,0.4090909090909091,2
濉溪县,2020,26,Others,26,0,1,26
濉溪县,2021,100,Others,92,8,0.92,84
濉溪县,2022,7,CV-A16,4,3,0.5714285714285714,1
濉溪县,2023,56,Others,56,0,1,56
灵璧县,2008,1,EV71,1,0,1,1
灵璧县,2009,1,EV71,1,0,1,1
灵璧县,2010,4,CV-A16,3,1,0.75,2
灵璧县,2011,2,Mixed,1,1,0.5,0
灵璧县,2012,18,EV71,10,6,0.5555555555555556,4
灵璧县,2013,4,EV71,4,0,1,4
灵璧县,2014,22,EV71,10,7,0.45454545454545453,3
灵璧县,2015,18,Others,14,4,0.7777777777777778,10
灵璧县,2016,11,EV71,8,3,0.7272727272727273,5
灵璧县,2017,4,Others,2,1,0.5,1
灵璧县,2018,9,Others,8,1,0.8888888888888888,7
灵璧县,2019,3,CV-A16,3,0,1,3
灵璧县,2020,10,Others,9,1,0.9,8
灵璧县,2021,12,CV-A16,6,5,0.5,1
灵璧县,2022,4,CV-A16,3,1,0.75,2
灵璧县,2023,45,Others,39,6,0.8666666666666667,33
烈山区,2009,3,EV71,3,0,1,3
烈山区,2010,32,CV-A16,18,14,0.5625,4
烈山区,2011,23,EV71,19,4,0.8260869565217391,15
烈山区,2012,26,EV71,18,6,0.6923076923076923,12
烈山区,2013,20,EV71,14,6,0.7,8
烈山区,2014,27,EV71,17,10,0.6296296296296297,7
烈山区,2015,3,CV-A16,2,1,0.6666666666666666,1
烈山区,2016,38,EV71,29,5,0.7631578947368421,24
烈山区,2017,13,CV-A16,7,3,0.5384615384615384,4
烈山区,2018,15,Others,13,1,0.8666666666666667,12
烈山区,2019,10,CV-A16,7,3,0.7,4
烈山区,2020,6,Others,6,0,1,6
烈山区,2021,30,Others,29,1,0.9666666666666667,28
烈山区,2022,3,CV-A16,2,1,0.6666666666666666,1
烈山区,2023,15,Others,15,0,1,15
琅琊区,2009,10,EV71,10,0,1,10
琅琊区,2010,33,EV71,23,7,0.696969696969697,16
琅琊区,2011,26,EV71,22,3,0.8461538461538461,19
琅琊区,2012,11,EV71,8,2,0.7272727272727273,6
琅琊区,2013,15,EV71,11,3,0.7333333333333333,8
琅琊区,2014,7,EV71,5,1,0.7142857142857143,4
琅琊区,2015,41,CV-A16,19,14,0.4634146341463415,5
琅琊区,2016,40,Others,26,9,0.65,17
琅琊区,2017,20,Others,9,6,0.45,3
琅琊区,2018,47,Others,36,10,0.7659574468085106,26
琅琊区,2019,19,CV-A16,10,9,0.5263157894736842,1
琅琊区,2020,36,Others,35,1,0.9722222222222222,34
琅琊区,2021,68,Others,53,15,0.7794117647058824,38
琅琊区,2022,39,Others,21,18,0.5384615384615384,3
琅琊区,2023,54,Others,54,0,1,54
瑶海区,2008,5,EV71,5,0,1,5
瑶海区,2009,24,EV71,22,2,0.9166666666666666,20
瑶海区,2010,93,EV71,57,27,0.6129032258064516,30
瑶海区,2011,31,EV71,27,3,0.8709677419354839,24
瑶海区,2012,64,CV-A16,39,14,0.609375,25
瑶海区,2013,51,EV71,32,18,0.6274509803921569,14
瑶海区,2014,64,EV71,27,26,0.421875,1
瑶海区,2015,42,Others,19,18,0.4523809523809524,1
瑶海区,2016,23,CV-A16,9,8,0.391304347826087,1
瑶海区,2017,38,Others,25,8,0.6578947368421053,17
瑶海区,2018,46,Others,34,12,0.7391304347826086,22
瑶海区,2019,78,Others,49,29,0.6282051282051282,20
瑶海区,2020,130,Others,129,1,0.9923076923076923,128
瑶海区,2021,62,Others,36,26,0.5806451612903226,10
瑶海区,2022,27,Others,24,3,0.8888888888888888,21
瑶海区,2023,67,Others,65,1,0.9701492537313433,64
田家庵区,2010,44,EV71,31,9,0.7045454545454546,22
田家庵区,2011,52,EV71,36,9,0.6923076923076923,27
田家庵区,2012,85,CV-A16,39,31,0.4588235294117647,8
田家庵区,2013,44,EV71,26,17,0.5909090909090909,9
田家庵区,2014,73,EV71,30,25,0.410958904109589,5
田家庵区,2015,62,Others,35,16,0.5645161290322581,19
田家庵区,2016,53,CV-A16,20,17,0.37735849056603776,3
田家庵区,2017,87,Others,59,23,0.6781609195402298,36
田家庵区,2018,69,CV-A16,39,30,0.5652173913043478,9
田家庵区,2019,100,Others,72,28,0.72,44
田家庵区,2020,93,Others,77,9,0.8279569892473119,68
田家庵区,2021,156,Others,105,51,0.6730769230769231,54
田家庵区,2022,66,Others,54,12,0.8181818181818182,42
田家庵区,2023,202,Others,198,2,0.9801980198019802,196
界首市,2009,5,EV71,5,0,1,5
界首市,2010,2,Mixed,1,1,0.5,0
界首市,2011,4,EV71,3,1,0.75,2
界首市,2012,11,EV71,6,4,0.5454545454545454,2
界首市,2013,6,EV71,5,1,0.8333333333333334,4
界首市,2014,29,EV71,18,6,0.6206896551724138,12
界首市,2015,2,EV71,2,0,1,2
界首市,2016,9,Others,4,3,0.4444444444444444,1
界首市,2017,8,EV71,6,2,0.75,4
界首市,2018,9,EV71,4,3,0.4444444444444444,1
界首市,2019,21,Others,19,2,0.9047619047619048,17
界首市,2020,67,Others,64,3,0.9552238805970149,61
界首市,2021,5,Mixed,2,2,0.4,0
界首市,2022,12,EV71,9,3,0.75,6
界首市,2023,17,EV71,16,1,0.9411764705882353,15
相山区,2010,35,EV71,25,8,0.7142857142857143,17
相山区,2011,36,EV71,25,11,0.6944444444444444,14
相山区,2012,37,EV71,23,7,0.6216216216216216,16
相山区,2013,27,Others,14,13,0.5185185185185185,1
相山区,2014,18,EV71,10,8,0.5555555555555556,2
相山区,2015,21,EV71,12,8,0.5714285714285714,4
相山区,2016,36,EV71,23,8,0.6388888888888888,15
相山区,2017,52,Others,25,23,0.4807692307692308,2
相山区,2018,51,Others,37,12,0.7254901960784313,25
相山区,2019,63,Others,34,26,0.5396825396825397,8
相山区,2020,35,Others,35,0,1,35
相山区,2021,100,Others,90,10,0.9,80
相山区,2022,23,Others,17,6,0.7391304347826086,11
相山区,2023,161,Others,161,0,1,161
石台县,2010,28,Others,11,9,0.39285714285714285,2
石台县,2011,17,EV71,13,2,0.7647058823529411,11
石台县,2012,25,CV-A16,15,7,0.6,8
石台县,2013,19,Others,11,7,0.5789473684210527,4
石台县,2014,18,CV-A16,8,7,0.4444444444444444,1
石台县,2015,34,CV-A16,25,5,0.7352941176470589,20
石台县,2016,27,Others,23,3,0.8518518518518519,20
石台县,2017,29,CV-A16,25,4,0.8620689655172413,21
石台县,2018,32,Others,28,2,0.875,26
石台县,2019,18,Others,14,3,0.7777777777777778,11
石台县,2020,13,Others,13,0,1,13
石台县,2021,3,Others,2,1,0.6666666666666666,1
石台县,2022,65,CV-A16,55,10,0.8461538461538461,45
石台县,2023,18,CV-A16,12,6,0.6666666666666666,6
砀山县,2012,3,EV71,2,1,0.6666666666666666,1
砀山县,2014,2,Mixed,1,1,0.5,0
砀山县,2015,27,Others,20,5,0.7407407407407407,15
砀山县,2016,7,CV-A16,3,2,0.42857142857142855,1
砀山县,2017,15,Others,8,5,0.5333333333333333,3
砀山县,2018,20,Others,16,4,0.8,12
砀山县,2019,34,Others,19,15,0.5588235294117647,4
砀山县,2020,14,Others,14,0,1,14
砀山县,2021,34,Others,23,11,0.6764705882352942,12
砀山县,2022,15,CV-A16,10,5,0.6666666666666666,5
砀山县,2023,27,Others,27,0,1,27
祁门县,2010,23,EV71,10,7,0.43478260869565216,3
祁门县,2011,4,CV-A16,3,1,0.75,2
祁门县,2012,24,CV-A16,12,10,0.5,2
祁门县,2013,14,EV71,12,1,0.8571428571428571,11
祁门县,2014,19,Others,8,6,0.42105263157894735,2
祁门县,2015,26,CV-A16,19,7,0.7307692307692307,12
祁门县,2016,5,CV-A16,4,1,0.8,3
祁门县,2017,45,Others,25,16,0.5555555555555556,9
祁门县,2018,50,CV-A16,41,9,0.82,32
祁门县,2019,5,Others,5,0,1,5
祁门县,2020,5,Others,5,0,1,5
祁门县,2021,1,Others,1,0,1,1
祁门县,2022,10,CV-A16,10,0,1,10
祁门县,2023,16,Others,16,0,1,16
禹会区,2009,2,EV71,2,0,1,2
禹会区,2010,13,EV71,7,6,0.5384615384615384,1
禹会区,2011,16,EV71,14,2,0.875,12
禹会区,2012,11,CV-A16,7,4,0.6363636363636364,3
禹会区,2013,8,EV71,8,0,1,8
禹会区,2014,21,EV71,11,8,0.5238095238095238,3
禹会区,2015,9,Others,8,1,0.8888888888888888,7
禹会区,2016,29,Others,16,9,0.5517241379310345,7
禹会区,2017,15,Others,8,6,0.5333333333333333,2
禹会区,2018,66,Others,52,14,0.7878787878787878,38
禹会区,2019,67,Others,66,1,0.9850746268656716,65
禹会区,2020,45,Others,44,1,0.9777777777777777,43
禹会区,2021,46,Others,33,13,0.717391304347826,20
禹会区,2022,7,Others,5,2,0.7142857142857143,3
禹会区,2023,61,Others,59,1,0.9672131147540983,58
繁昌区,2010,27,CV-A16,15,6,0.5555555555555556,9
繁昌区,2011,49,EV71,27,12,0.5510204081632653,15
繁昌区,2012,37,CV-A16,20,17,0.5405405405405406,3
繁昌区,2013,44,EV71,30,10,0.6818181818181818,20
繁昌区,2014,77,CV-A16,27,26,0.35064935064935066,1
繁昌区,2015,28,Others,20,7,0.7142857142857143,13
繁昌区,2016,46,Others,28,14,0.6086956521739131,14
繁昌区,2017,38,Others,26,6,0.6842105263157895,20
繁昌区,2018,36,Others,18,13,0.5,5
繁昌区,2019,65,CV-A16,60,5,0.9230769230769231,55
繁昌区,2020,62,Others,62,0,1,62
繁昌区,2021,66,Others,65,1,0.9848484848484849,64
繁昌区,2022,29,Others,22,7,0.7586206896551724,15
繁昌区,2023,120,Others,118,2,0.9833333333333333,116
绩溪县,2010,38,Others,17,14,0.4473684210526316,3
绩溪县,2011,17,Others,7,5,0.4117647058823529,2
绩溪县,2012,14,Others,8,4,0.5714285714285714,4
绩溪县,2013,18,EV71,10,8,0.5555555555555556,2
绩溪县,2014,55,CV-A16,30,13,0.5454545454545454,17
绩溪县,2015,14,EV71,9,3,0.6428571428571429,6
绩溪县,2017,6,CV-A16,3,2,0.5,1
绩溪县,2018,71,Others,70,1,0.9859154929577465,69
绩溪县,2019,53,Others,32,17,0.6037735849056604,15
绩溪县,2020,54,Others,42,12,0.7777777777777778,30
绩溪县,2021,68,CV-A16,37,31,0.5441176470588235,6
绩溪县,2023,69,Others,69,0,1,69
肥东县,2008,2,EV71,2,0,1,2
肥东县,2009,10,Mixed,5,5,0.5,0
肥东县,2010,68,EV71,38,21,0.5588235294117647,17
肥东县,2011,47,EV71,34,7,0.723404255319149,27
肥东县,2012,49,CV-A16,26,18,0.5306122448979592,8
肥东县,2013,57,EV71,31,25,0.543859649122807,6
肥东县,2014,52,EV71,25,14,0.4807692307692308,11
肥东县,2015,59,Others,40,14,0.6779661016949152,26
肥东县,2016,50,Others,27,16,0.54,11
肥东县,2017,55,Others,28,16,0.509090909090909,12
肥东县,2018,62,Others,47,15,0.7580645161290323,32
肥东县,2019,89,Others,52,37,0.5842696629213483,15
肥东县,2020,84,Others,74,10,0.8809523809523809,64
肥东县,2021,76,Others,42,34,0.5526315789473685,8
肥东县,2022,40,Others,28,12,0.7,16
肥东县,2023,101,Others,100,1,0.9900990099009901,99
肥西县,2008,3,EV71,3,0,1,3
肥西县,2009,9,EV71,9,0,1,9
肥西县,2010,39,EV71,27,11,0.6923076923076923,16
肥西县,2011,62,EV71,41,14,0.6612903225806451,27
肥西县,2012,49,EV71,24,16,0.4897959183673469,8
肥西县,2013,71,EV71,40,22,0.5633802816901409,18
肥西县,2014,59,CV-A16,26,20,0.4406779661016949,6
肥西县,2015,48,Others,22,15,0.4583333333333333,7
肥西县,2016,46,Others,22,13,0.4782608695652174,9
肥西县,2017,49,Others,36,9,0.7346938775510204,27
肥西县,2018,36,Others,22,13,0.6111111111111112,9
肥西县,2019,70,Others,40,30,0.5714285714285714,10
肥西县,2020,77,Others,50,27,0.6493506493506493,23
肥西县,2021,94,Others,70,24,0.7446808510638298,46
肥西县,2022,62,Others,39,23,0.6290322580645161,16
肥西县,2023,138,Others,134,4,0.9710144927536232,130
舒城县,2009,1,EV71,1,0,1,1
舒城县,2010,26,EV71,25,1,0.9615384615384616,24
舒城县,2011,1,EV71,1,0,1,1
舒城县,2012,1,Others,1,0,1,1
舒城县,2013,4,EV71,3,1,0.75,2
舒城县,2014,9,EV71,7,2,0.7777777777777778,5
舒城县,2015,2,EV71,2,0,1,2
舒城县,2016,15,EV71,8,6,0.5333333333333333,2
舒城县,2017,3,Others,2,1,0.6666666666666666,1
舒城县,2021,12,CV-A16,11,1,0.9166666666666666,10
舒城县,2022,1,EV71,1,0,1,1
舒城县,2023,10,Others,10,0,1,10
花山区,2009,2,EV71,2,0,1,2
花山区,2010,48,CV-A16,23,14,0.4791666666666667,9
花山区,2011,33,EV71,18,10,0.5454545454545454,8
花山区,2012,76,CV-A16,35,29,0.4605263157894737,6
花山区,2013,90,EV71,44,35,0.4888888888888889,9
花山区,2014,68,CV-A16,32,21,0.47058823529411764,11
花山区,2015,86,Others,50,24,0.5813953488372093,26
花山区,2016,76,Others,53,13,0.6973684210526315,40
花山区,2017,113,Others,52,45,0.46017699115044247,7
花山区,2018,89,Others,72,14,0.8089887640449438,58
花山区,2019,68,CV-A16,49,19,0.7205882352941176,30
花山区,2020,54,Others,52,2,0.9629629629629629,50
花山区,2021,63,Others,57,6,0.9047619047619048,51
花山区,2022,27,CV-A16,17,10,0.6296296296296297,7
花山区,2023,56,Others,30,26,0.5357142857142857,4
萧县,2009,1,EV71,1,0,1,1
萧县,2010,16,CV-A16,9,7,0.5625,2
萧县,2011,36,EV71,34,2,0.9444444444444444,32
萧县,2012,18,EV71,14,3,0.7777777777777778,11
萧县,2013,5,EV71,4,1,0.8,3
萧县,2014,43,CV-A16,32,6,0.7441860465116279,26
萧县,2015,43,Others,24,10,0.5581395348837209,14
萧县,2016,32,EV71,15,12,0.46875,3
萧县,2017,40,Others,29,8,0.725,21
萧县,2018,44,Others,35,9,0.7954545454545454,26
萧县,2019,55,Others,29,26,0.5272727272727272,3
萧县,2020,50,Others,50,0,1,50
萧县,2021,74,Others,40,30,0.5405405405405406,10
萧县,2022,42,Others,34,8,0.8095238095238095,26
萧县,2023,57,Others,56,1,0.9824561403508771,55
蒙城县,2010,12,EV71,12,0,1,12
蒙城县,2011,26,EV71,20,4,0.7692307692307693,16
蒙城县,2012,15,EV71,10,3,0.6666666666666666,7
蒙城县,2013,29,EV71,21,8,0.7241379310344828,13
蒙城县,2014,16,EV71,8,5,0.5,3
蒙城县,2015,1,EV71,1,0,1,1
蒙城县,2016,2,Mixed,1,1,0.5,0
蒙城县,2017,2,EV71,2,0,1,2
蒙城县,2018,3,Others,2,1,0.6666666666666666,1
蒙城县,2019,29,Others,19,10,0.6551724137931034,9
蒙城县,2020,32,Others,29,3,0.90625,26
蒙城县,2021,74,Others,54,19,0.7297297297297297,35
蒙城县,2022,42,Others,38,3,0.9047619047619048,35
蒙城县,2023,95,Others,89,6,0.9368421052631579,83
蚌山区,2009,6,EV71,6,0,1,6
蚌山区,2010,20,EV71,11,9,0.55,2
蚌山区,2011,8,EV71,8,0,1,8
蚌山区,2012,17,CV-A16,15,2,0.8823529411764706,13
蚌山区,2013,7,EV71,7,0,1,7
蚌山区,2014,19,CV-A16,9,6,0.47368421052631576,3
蚌山区,2015,3,Mixed,1,1,0.3333333333333333,0
蚌山区,2016,24,Others,11,7,0.4583333333333333,4
蚌山区,2017,20,Others,9,8,0.45,1
蚌山区,2018,33,Others,29,2,0.8787878787878788,27
蚌山区,2019,36,Others,31,4,0.8611111111111112,27
蚌山区,2020,46,Others,45,1,0.9782608695652174,44
蚌山区,2021,51,Others,27,23,0.5294117647058824,4
蚌山区,2022,23,Others,17,6,0.7391304347826086,11
蚌山区,2023,95,Others,95,0,1,95
蜀山区,2008,3,EV71,3,0,1,3
蜀山区,2009,25,EV71,20,5,0.8,15
蜀山区,2010,66,EV71,37,24,0.5606060606060606,13
蜀山区,2011,18,EV71,16,1,0.8888888888888888,15
蜀山区,2012,55,EV71,29,18,0.5272727272727272,11
蜀山区,2013,45,EV71,23,16,0.5111111111111111,7
蜀山区,2014,48,CV-A16,28,16,0.5833333333333334,12
蜀山区,2015,51,Others,27,16,0.5294117647058824,11
蜀山区,2016,42,Others,20,16,0.47619047619047616,4
蜀山区,2017,48,Others,26,15,0.5416666666666666,11
蜀山区,2018,48,Others,38,9,0.7916666666666666,29
蜀山区,2019,63,Others,43,20,0.6825396825396826,23
蜀山区,2020,32,Others,30,2,0.9375,28
蜀山区,2021,86,CV-A16,44,42,0.5116279069767442,2
蜀山区,2022,52,Others,34,18,0.6538461538461539,16
蜀山区,2023,114,Others,98,13,0.8596491228070176,85
裕安区,2008,1,EV71,1,0,1,1
裕安区,2010,11,EV71,7,3,0.6363636363636364,4
裕安区,2011,20,EV71,11,8,0.55,3
裕安区,2014,5,EV71,4,1,0.8,3
裕安区,2016,3,Others,2,1,0.6666666666666666,1
裕安区,2018,6,CV-A16,5,1,0.8333333333333334,4
裕安区,2019,1,Others,1,0,1,1
裕安区,2020,7,Others,7,0,1,7
裕安区,2022,11,Others,11,0,1,11
裕安区,2023,3,Others,2,1,0.6666666666666666,1
谢家集区,2010,5,EV71,3,2,0.6,1
谢家集区,2011,21,Mixed,9,9,0.42857142857142855,0
谢家集区,2012,43,CV-A16,20,16,0.46511627906976744,4
谢家集区,2013,44,EV71,26,18,0.5909090909090909,8
谢家集区,2014,41,EV71,16,13,0.3902439024390244,3
谢家集区,2015,32,Others,16,9,0.5,7
谢家集区,2016,32,EV71,19,9,0.59375,10
谢家集区,2017,29,CV-A16,14,12,0.4827586206896552,2
谢家集区,2018,37,CV-A16,20,17,0.5405405405405406,3
谢家集区,2019,21,Others,19,2,0.9047619047619048,17
谢家集区,2020,8,Others,6,1,0.75,5
谢家集区,2021,27,Others,25,2,0.9259259259259259,23
谢家集区,2022,4,Others,3,1,0.75,2
谢家集区,2023,12,Others,12,0,1,12
谯城区,2009,6,EV71,5,1,0.8333333333333334,4
谯城区,2010,21,EV71,15,6,0.7142857142857143,9
谯城区,2011,40,EV71,33,6,0.825,27
谯城区,2012,41,EV71,28,7,0.6829268292682927,21
谯城区,2013,54,EV71,41,11,0.7592592592592593,30
谯城区,2014,58,Others,23,21,0.39655172413793105,2
谯城区,2015,67,Others,51,10,0.7611940298507462,41
谯城区,2016,78,Others,40,22,0.5128205128205128,18
谯城区,2017,67,Others,36,24,0.5373134328358209,12
谯城区,2018,51,Others,39,12,0.7647058823529411,27
谯城区,2019,20,Others,17,2,0.85,15
谯城区,2020,56,Others,53,3,0.9464285714285714,50
谯城区,2021,29,Others,22,7,0.7586206896551724,15
谯城区,2022,1,EV71,1,0,1,1
谯城区,2023,51,Others,51,0,1,51
贵池区,2010,30,Others,11,10,0.36666666666666664,1
贵池区,2011,45,EV71,29,11,0.6444444444444445,18
贵池区,2012,30,EV71,19,6,0.6333333333333333,13
贵池区,2013,23,Others,19,2,0.8260869565217391,17
贵池区,2014,34,EV71,24,5,0.7058823529411765,19
贵池区,2015,40,CV-A16,28,6,0.7,22
贵池区,2016,6,Mixed,2,2,0.3333333333333333,0
贵池区,2017,7,Mixed,3,3,0.42857142857142855,0
贵池区,2018,31,Others,25,5,0.8064516129032258,20
贵池区,2019,14,Others,9,5,0.6428571428571429,4
贵池区,2021,2,Others,2,0,1,2
贵池区,2022,1,CV-A16,1,0,1,1
贵池区,2023,24,Others,18,4,0.75,14
迎江区,2009,2,CV-A16,2,0,1,2
迎江区,2014,1,EV71,1,0,1,1
迎江区,2015,2,Others,2,0,1,2
迎江区,2016,2,Mixed,1,1,0.5,0
迎江区,2018,1,EV71,1,0,1,1
迎江区,2023,2,EV71,2,0,1,2
郊区,2009,1,EV71,1,0,1,1
郊区,2010,15,Mixed,6,6,0.4,0
郊区,2011,14,EV71,12,2,0.8571428571428571,10
郊区,2012,2,Others,2,0,1,2
郊区,2013,18,EV71,12,6,0.6666666666666666,6
郊区,2014,22,EV71,12,8,0.5454545454545454,4
郊区,2015,18,Others,16,2,0.8888888888888888,14
郊区,2016,1,Others,1,0,1,1
郊区,2018,6,Others,6,0,1,6
郊区,2019,63,Others,54,8,0.8571428571428571,46
郊区,2020,11,Others,11,0,1,11
郊区,2021,9,Others,9,0,1,9
郊区,2023,15,Others,12,3,0.8,9
郎溪县,2008,1,EV71,1,0,1,1
郎溪县,2010,6,EV71,3,2,0.5,1
郎溪县,2011,40,Others,21,15,0.525,6
郎溪县,2012,15,Mixed,5,5,0.3333333333333333,0
郎溪县,2013,25,Others,15,7,0.6,8
郎溪县,2014,23,EV71,13,6,0.5652173913043478,7
郎溪县,2015,37,Others,21,14,0.5675675675675675,7
郎溪县,2016,1,Others,1,0,1,1
郎溪县,2018,56,Others,51,4,0.9107142857142857,47
郎溪县,2019,33,CV-A16,30,3,0.9090909090909091,27
郎溪县,2020,103,Others,102,1,0.9902912621359223,101
郎溪县,2021,6,Others,6,0,1,6
郎溪县,2022,3,Others,2,1,0.6666666666666666,1
郎溪县,2023,96,Others,96,0,1,96
金安区,2010,6,EV71,6,0,1,6
金安区,2014,2,EV71,2,0,1,2
金安区,2015,4,CV-A16,4,0,1,4
金安区,2016,6,EV71,6,0,1,6
金安区,2018,8,CV-A16,6,2,0.75,4
金安区,2019,1,CV-A16,1,0,1,1
金安区,2020,6,Others,6,0,1,6
金安区,2021,6,CV-A16,5,1,0.8333333333333334,4
金安区,2022,14,Others,14,0,1,14
金安区,2023,15,Others,15,0,1,15
金寨县,2010,10,EV71,9,1,0.9,8
金寨县,2013,1,EV71,1,0,1,1
金寨县,2014,11,CV-A16,5,4,0.45454545454545453,1
金寨县,2016,1,EV71,1,0,1,1
金寨县,2022,2,Mixed,1,1,0.5,0
铜官区,2008,1,Others,1,0,1,1
铜官区,2009,1,CV-A16,1,0,1,1
铜官区,2010,111,EV71,54,35,0.4864864864864865,19
铜官区,2011,52,EV71,42,9,0.8076923076923077,33
铜官区,2012,29,Others,13,9,0.4482758620689655,4
铜官区,2013,94,EV71,52,34,0.5531914893617021,18
铜官区,2014,112,EV71,66,27,0.5892857142857143,39
铜官区,2015,44,Others,29,9,0.6590909090909091,20
铜官区,2016,10,CV-A16,5,4,0.5,1
铜官区,2017,18,Others,10,7,0.5555555555555556,3
铜官区,2018,88,Others,62,25,0.7045454545454546,37
铜官区,2019,167,Others,137,27,0.8203592814371258,110
铜官区,2020,101,Others,101,0,1,101
铜官区,2021,95,Others,68,27,0.7157894736842105,41
铜官区,2022,3,EV71,3,0,1,3
铜官区,2023,191,Others,182,8,0.9528795811518325,174
镜湖区,2009,31,CV-A16,15,14,0.4838709677419355,1
镜湖区,2010,23,EV71,9,8,0.391304347826087,1
镜湖区,2011,3,Others,2,1,0.6666666666666666,1
镜湖区,2012,35,CV-A16,25,6,0.7142857142857143,19
镜湖区,2013,31,EV71,18,11,0.5806451612903226,7
镜湖区,2014,37,CV-A16,19,10,0.5135135135135135,9
镜湖区,2015,43,CV-A16,26,12,0.6046511627906976,14
镜湖区,2016,31,Others,15,9,0.4838709677419355,6
镜湖区,2017,42,Others,27,12,0.6428571428571429,15
镜湖区,2018,56,Others,43,10,0.7678571428571429,33
镜湖区,2019,15,CV-A16,14,1,0.9333333333333333,13
镜湖区,2020,34,Others,34,0,1,34
镜湖区,2021,21,Others,20,1,0.9523809523809523,19
镜湖区,2022,51,Others,26,25,0.5098039215686274,1
镜湖区,2023,47,Others,42,5,0.8936170212765957,37
长丰县,2008,1,EV71,1,0,1,1
长丰县,2009,25,EV71,12,9,0.48,3
长丰县,2010,59,EV71,38,17,0.6440677966101694,21
长丰县,2011,20,EV71,15,5,0.75,10
长丰县,2012,29,CV-A16,11,10,0.3793103448275862,1
长丰县,2013,22,Others,15,6,0.6818181818181818,9
长丰县,2014,27,EV71,13,10,0.48148148148148145,3
长丰县,2015,34,Others,21,7,0.6176470588235294,14
长丰县,2016,51,CV-A16,21,19,0.4117647058823529,2
长丰县,2017,45,CV-A16,23,19,0.5111111111111111,4
长丰县,2018,50,Others,33,17,0.66,16
长丰县,2019,76,Others,42,34,0.5526315789473685,8
长丰县,2020,73,Others,67,6,0.9178082191780822,61
长丰县,2021,140,CV-A16,96,44,0.6857142857142857,52
长丰县,2022,44,Others,38,6,0.8636363636363636,32
长丰县,2023,160,Others,157,3,0.98125,154
阜南县,2008,1,EV71,1,0,1,1
阜南县,2009,3,Others,2,1,0.6666666666666666,1
阜南县,2010,31,EV71,25,6,0.8064516129032258,19
阜南县,2011,29,EV71,21,6,0.7241379310344828,15
阜南县,2012,43,EV71,23,16,0.5348837209302325,7
阜南县,2013,28,Others,17,11,0.6071428571428571,6
阜南县,2014,32,EV71,19,11,0.59375,8
阜南县,2015,7,Others,6,1,0.8571428571428571,5
阜南县,2016,70,Others,38,23,0.5428571428571428,15
阜南县,2017,4,Others,4,0,1,4
阜南县,2018,14,Others,12,2,0.8571428571428571,10
阜南县,2019,49,Others,42,6,0.8571428571428571,36
阜南县,2020,59,Others,58,1,0.9830508474576272,57
阜南县,2021,87,Others,65,22,0.7471264367816092,43
阜南县,2023,1,EV71,1,0,1,1
雨山区,2009,7,EV71,7,0,1,7
雨山区,2010,41,CV-A16,22,11,0.5365853658536586,11
雨山区,2011,17,EV71,10,4,0.5882352941176471,6
雨山区,2012,54,CV-A16,23,17,0.42592592592592593,6
雨山区,2013,42,Others,24,14,0.5714285714285714,10
雨山区,2014,36,EV71,15,12,0.4166666666666667,3
雨山区,2015,43,Others,29,11,0.6744186046511628,18
雨山区,2016,39,Others,21,12,0.5384615384615384,9
雨山区,2017,78,Others,40,33,0.5128205128205128,7
雨山区,2018,38,Others,35,3,0.9210526315789473,32
雨山区,2019,37,CV-A16,24,13,0.6486486486486487,11
雨山区,2020,34,Others,31,3,0.9117647058823529,28
雨山区,2021,48,Others,45,3,0.9375,42
雨山区,2022,6,Others,5,1,0.8333333333333334,4
雨山区,2023,66,Others,39,27,0.5909090909090909,12
霍山县,2010,5,CV-A16,4,1,0.8,3
霍山县,2014,22,EV71,14,6,0.6363636363636364,8
霍山县,2021,8,CV-A16,7,1,0.875,6
霍邱县,2008,3,EV71,3,0,1,3
霍邱县,2010,32,EV71,30,1,0.9375,29
霍邱县,2011,3,EV71,3,0,1,3
霍邱县,2012,5,EV71,3,2,0.6,1
霍邱县,2013,7,EV71,7,0,1,7
霍邱县,2014,11,EV71,9,1,0.8181818181818182,8
霍邱县,2015,5,EV71,3,2,0.6,1
霍邱县,2016,2,EV71,2,0,1,2
霍邱县,2017,4,EV71,3,1,0.75,2
霍邱县,2018,3,CV-A16,2,1,0.6666666666666666,1
霍邱县,2019,1,Others,1,0,1,1
霍邱县,2021,7,EV71,5,1,0.7142857142857143,4
霍邱县,2022,2,Others,2,0,1,2
霍邱县,2023,10,Others,10,0,1,10
青阳县,2009,5,EV71,4,1,0.8,3
青阳县,2010,2,Mixed,1,1,0.5,0
青阳县,2011,16,EV71,11,3,0.6875,8
青阳县,2012,19,CV-A16,9,7,0.47368421052631576,2
青阳县,2013,28,Others,20,8,0.7142857142857143,12
青阳县,2014,28,CV-A16,12,9,0.42857142857142855,3
青阳县,2015,20,CV-A16,14,4,0.7,10
青阳县,2016,61,EV71,49,11,0.8032786885245902,38
青阳县,2017,31,EV71,16,15,0.5161290322580645,1
青阳县,2018,21,Others,19,2,0.9047619047619048,17
青阳县,2019,1,CV-A16,1,0,1,1
青阳县,2020,4,Others,4,0,1,4
青阳县,2023,54,Others,54,0,1,54
颍上县,2008,1,EV71,1,0,1,1
颍上县,2009,16,EV71,13,3,0.8125,10
颍上县,2010,15,EV71,8,4,0.5333333333333333,4
颍上县,2011,61,EV71,51,6,0.8360655737704918,45
颍上县,2012,43,EV71,24,16,0.5581395348837209,8
颍上县,2013,50,Others,28,22,0.56,6
颍上县,2014,50,Others,21,19,0.42,2
颍上县,2015,22,Others,18,2,0.8181818181818182,16
颍上县,2016,56,Others,27,18,0.48214285714285715,9
颍上县,2017,7,Others,6,1,0.8571428571428571,5
颍上县,2018,111,Others,78,30,0.7027027027027027,48
颍上县,2019,52,Others,50,2,0.9615384615384616,48
颍上县,2020,45,Others,44,1,0.9777777777777777,43
颍上县,2021,36,Others,21,15,0.5833333333333334,6
颍上县,2022,1,Others,1,0,1,1
颍上县,2023,5,Others,3,2,0.6,1
颍东区,2009,9,Mixed,4,4,0.4444444444444444,0
颍东区,2010,8,EV71,7,1,0.875,6
颍东区,2011,26,EV71,17,9,0.6538461538461539,8
颍东区,2012,32,Others,25,5,0.78125,20
颍东区,2013,55,Others,28,26,0.509090909090909,2
颍东区,2014,15,Others,6,5,0.4,1
颍东区,2015,12,Others,11,1,0.9166666666666666,10
颍东区,2016,61,Others,34,20,0.5573770491803278,14
颍东区,2017,4,Mixed,2,2,0.5,0
颍东区,2018,27,Others,24,2,0.8888888888888888,22
颍东区,2019,23,Others,21,2,0.9130434782608695,19
颍东区,2020,8,Others,8,0,1,8
颍东区,2021,12,Others,11,1,0.9166666666666666,10
颍东区,2023,2,Mixed,1,1,0.5,0
颍州区,2008,2,EV71,2,0,1,2
颍州区,2009,14,Mixed,5,5,0.35714285714285715,0
颍州区,2010,11,EV71,9,2,0.8181818181818182,7
颍州区,2011,57,EV71,39,14,0.6842105263157895,25
颍州区,2012,50,Others,34,12,0.68,22
颍州区,2013,37,Others,22,13,0.5945945945945946,9
颍州区,2014,38,EV71,18,14,0.47368421052631576,4
颍州区,2015,16,Others,13,2,0.8125,11
颍州区,2016,110,Others,76,26,0.6909090909090909,50
颍州区,2017,18,Others,13,4,0.7222222222222222,9
颍州区,2018,88,Others,76,6,0.8636363636363636,70
颍州区,2019,61,Others,51,10,0.8360655737704918,41
颍州区,2020,12,Others,12,0,1,12
颍州区,2021,77,Others,74,3,0.961038961038961,71
颍州区,2023,4,Others,2,1,0.5,1
颍泉区,2008,14,EV71,14,0,1,14
颍泉区,2009,5,Mixed,2,2,0.4,0
颍泉区,2010,11,EV71,8,2,0.7272727272727273,6
颍泉区,2011,19,Others,10,8,0.5263157894736842,2
颍泉区,2012,57,EV71,25,24,0.43859649122807015,1
颍泉区,2013,36,EV71,18,16,0.5,2
颍泉区,2014,28,EV71,18,8,0.6428571428571429,10
颍泉区,2015,14,Others,10,2,0.7142857142857143,8
颍泉区,2016,96,Others,47,36,0.4895833333333333,11
颍泉区,2017,10,Others,8,2,0.8,6
颍泉区,2018,24,Others,21,3,0.875,18
颍泉区,2019,29,Others,23,6,0.7931034482758621,17
颍泉区,2020,4,Others,3,1,0.75,2
颍泉区,2021,17,Others,12,3,0.7058823529411765,9
颍泉区,2023,3,Mixed,1,1,0.3333333333333333,0
鸠江区,2009,7,CV-A16,3,2,0.42857142857142855,1
鸠江区,2010,30,EV71,17,7,0.5666666666666667,10
鸠江区,2011,38,EV71,24,12,0.631578947368421,12
鸠江区,2012,40,CV-A16,27,7,0.675,20
鸠江区,2013,59,EV71,30,16,0.5084745762711864,14
鸠江区,2014,24,CV-A16,13,9,0.5416666666666666,4
鸠江区,2015,49,CV-A16,24,20,0.4897959183673469,4
鸠江区,2016,54,EV71,25,22,0.46296296296296297,3
鸠江区,2017,39,Others,32,5,0.8205128205128205,27
鸠江区,2018,35,Others,26,8,0.7428571428571429,18
鸠江区,2019,56,CV-A16,31,25,0.5535714285714286,6
鸠江区,2020,75,Others,75,0,1,75
鸠江区,2021,74,Others,68,6,0.918918918918919,62
鸠江区,2022,75,Others,51,24,0.68,27
鸠江区,2023,74,Others,59,15,0.7972972972972973,44
黄山区,2010,13,CV-A16,11,2,0.8461538461538461,9
黄山区,2011,8,EV71,5,3,0.625,2
黄山区,2012,13,EV71,11,2,0.8461538461538461,9
黄山区,2013,14,Others,10,4,0.7142857142857143,6
黄山区,2014,16,CV-A16,10,5,0.625,5
黄山区,2015,5,EV71,4,1,0.8,3
黄山区,2016,19,CV-A16,13,5,0.6842105263157895,8
黄山区,2017,21,Others,15,5,0.7142857142857143,10
黄山区,2018,37,CV-A16,21,16,0.5675675675675675,5
黄山区,2019,18,CV-A16,18,0,1,18
黄山区,2020,5,EV71,5,0,1,5
黄山区,2021,31,Others,30,1,0.967741935483871,29
黄山区,2022,11,Others,9,2,0.8181818181818182,7
黄山区,2023,79,Others,62,17,0.7848101265822784,45
黟县,2010,2,Mixed,1,1,0.5,0
黟县,2012,2,EV71,2,0,1,2
黟县,2013,1,Others,1,0,1,1
黟县,2014,18,Mixed,7,7,0.3888888888888889,0
黟县,2016,21,CV-A16,11,9,0.5238095238095238,2
黟县,2017,10,Others,8,1,0.8,7
黟县,2018,6,CV-A16,4,2,0.6666666666666666,2
黟县,2019,6,Others,4,2,0.6666666666666666,2
黟县,2020,26,Others,26,0,1,26
黟县,2021,8,Others,8,0,1,8
黟县,2022,3,Others,2,1,0.6666666666666666,1
黟县,2023,29,Others,29,0,1,29
龙子湖区,2009,4,EV71,4,0,1,4
龙子湖区,2010,16,Mixed,8,8,0.5,0
龙子湖区,2011,12,EV71,11,1,0.9166666666666666,10
龙子湖区,2012,8,CV-A16,5,3,0.625,2
龙子湖区,2013,10,EV71,10,0,1,10
龙子湖区,2014,26,EV71,16,7,0.6153846153846154,9
龙子湖区,2015,8,CV-A16,4,3,0.5,1
龙子湖区,2016,24,Others,14,5,0.5833333333333334,9
龙子湖区,2017,9,Others,7,2,0.7777777777777778,5
龙子湖区,2018,10,Others,8,2,0.8,6
龙子湖区,2019,6,Others,5,1,0.8333333333333334,4
龙子湖区,2020,16,Others,15,1,0.9375,14
龙子湖区,2021,14,Others,8,6,0.5714285714285714,2
龙子湖区,2022,9,Others,7,2,0.7777777777777778,5
龙子湖区,2023,53,Others,53,0,1,53
